{
    "$schema": "http://schema.management.azure.com/schemas/2014-04-01-preview/deploymentTemplate.json#",
    "contentVersion": "1.0.0.0",
    "parameters": {
        "resourceGroupName": {
            "type": "string"
        },        
        "administratorLogin": {
            "type": "string"
        },
        "administratorLoginPassword": {
            "type": "securestring"
        },
        "collation": {
            "type": "string",
            "defaultValue": "SQL_Latin1_General_CP1_CI_AS"
        },
        "databaseName": {
            "type": "string"
        },
        "tier": {
            "type": "string",
            "defaultValue": "Standard"
        },
        "skuName": {
            "type": "string",
            "defaultValue": "S0"
        },
        "location": {
            "type": "string"
        },
        "maxSizeBytes": {
            "type": "int",
            "defaultValue": 268435456000
        },
        "serverName": {
            "type": "string"
        },
        "sampleName": {
            "type": "string",
            "defaultValue": "AdventureWorksLT"
        },
        "zoneRedundant": {
            "type": "bool",
            "defaultValue": false
        },
        "licenseType": {
            "type": "string",
            "defaultValue": ""
        },
        "readScaleOut": {
            "type": "string",
            "defaultValue": "Disabled"
        },
        "numberOfReplicas": {
            "type": "int",
            "defaultValue": 0
        },
        "minCapacity": {
            "type": "string",
            "defaultValue": ""
        },
        "autoPauseDelay": {
            "type": "string",
            "defaultValue": ""
        },
        "enableADS": {
            "type": "bool",
            "defaultValue": true
        },
        "allowAzureIps": {
            "type": "bool",
            "defaultValue": true
        },
        "databaseTags": {
            "type": "object",
            "defaultValue": {}
        },
        "serverTags": {
            "type": "object",
            "defaultValue": {}
        },
        "enableVA": {
            "type": "bool",
            "defaultValue": true
        }
    },
    "resources": [
        {
            "condition": "[parameters('enableVA')]",
            "apiVersion": "2016-01-01",
            "type": "Microsoft.Storage/storageAccounts",
            "name": "[variables('storageName')]",
            "location": "[parameters('location')]",
            "sku": {
                "name": "Standard_LRS"
            },
            "kind": "Storage",
            "properties": {}
        },
        {
            "apiVersion": "2015-05-01-preview",
            "location": "[parameters('location')]",
            "tags": "[parameters('serverTags')]",
            "name": "[parameters('serverName')]",
            "properties": {
                "administratorLogin": "[parameters('administratorLogin')]",
                "administratorLoginPassword": "[parameters('administratorLoginPassword')]",
                "version": "12.0"
            },
            "resources": [
                {
                    "apiVersion": "2017-10-01-preview",
                    "dependsOn": [
                        "[concat('Microsoft.Sql/servers/', parameters('serverName'))]"
                    ],
                    "location": "[parameters('location')]",
                    "tags": "[parameters('databaseTags')]",
                    "name": "[parameters('databaseName')]",
                    "properties": {
                        "collation": "[parameters('collation')]",
                        "maxSizeBytes": "[parameters('maxSizeBytes')]",
                        "sampleName": "[parameters('sampleName')]",
                        "zoneRedundant": "[parameters('zoneRedundant')]",
                        "licenseType": "[parameters('licenseType')]",
                        "readScale": "[parameters('readScaleOut')]",
                        "readReplicaCount": "[parameters('numberOfReplicas')]",
                        "minCapacity": "[parameters('minCapacity')]",
                        "autoPauseDelay": "[parameters('autoPauseDelay')]"
                    },
                    "sku": {
                        "name": "[parameters('skuName')]",
                        "tier": "[parameters('tier')]"
                    },
                    "type": "databases"
                },
                {
                    "condition": "[parameters('allowAzureIps')]",
                    "apiVersion": "2014-04-01-preview",
                    "dependsOn": [
                        "[concat('Microsoft.Sql/servers/', parameters('serverName'))]"
                    ],
                    "location": "[parameters('location')]",
                    "name": "AllowAllWindowsAzureIps",
                    "properties": {
                        "endIpAddress": "0.0.0.0",
                        "startIpAddress": "0.0.0.0"
                    },
                    "type": "firewallrules"
                },
                {
                    "condition": "[parameters('enableADS')]",
                    "apiVersion": "2017-03-01-preview",
                    "type": "securityAlertPolicies",
                    "name": "Default",
                    "dependsOn": [
                        "[concat('Microsoft.Sql/servers/', parameters('serverName'))]",
                        "[concat('Microsoft.Sql/servers/', parameters('serverName'), '/databases/', parameters('databaseName'))]"
                    ],
                    "properties": {
                        "state": "Enabled",
                        "disabledAlerts": [],
                        "emailAddresses": [],
                        "emailAccountAdmins": true
                    }
                },
                {
                    "condition": "[parameters('enableVA')]",
                    "apiVersion": "2018-06-01-preview",
                    "type": "vulnerabilityAssessments",
                    "name": "Default",
                    "properties": {
                        "storageContainerPath": "[if(parameters('enableVA'), concat(reference(variables('storageName'), '2018-02-01').primaryEndpoints.blob, 'vulnerability-assessment'), '')]",
                        "storageAccountAccessKey": "[if(parameters('enableVA'), listKeys(variables('storageName'), '2018-02-01').keys[0].value, '')]",
                        "recurringScans": {
                            "isEnabled": true,
                            "emailSubscriptionAdmins": true,
                            "emails": []
                        }
                    },
                    "dependsOn": [
                        "[concat('Microsoft.Sql/servers/', parameters('serverName'))]",
                        "[concat('Microsoft.Storage/storageAccounts/', variables('storageName'))]",
                        "[concat('Microsoft.Sql/servers/', parameters('serverName'), '/securityAlertPolicies/Default')]"
                    ]
                }
            ],
            "type": "Microsoft.Sql/servers"
        }
    ],
    "variables": {
        "subscriptionId": "[subscription().subscriptionId]",
        "resourceGroupName": "[parameters('resourceGroupName')]",
        "uniqueStorage": "[uniqueString(variables('subscriptionId'), variables('resourceGroupName'), parameters('location'))]",
        "storageName": "[tolower(concat('sqlva', variables('uniqueStorage')))]"
    }
}