<speak xmlns="http://www.w3.org/2001/10/synthesis" version="1.0" xml:lang="en-US">
  
  <voice name="en-GB-LibbyNeural">
    <prosody rate="-10%" pitch="-5%">
    The following quotes are from act 2, scene 7, of William Shakespeare's play "As You Like It."
    </prosody>
  </voice>

  <voice name="en-GB-RyanNeural">
    <break time="1s" />
    <prosody rate="-5%" pitch="-10%">
    All the world's a stage,
    And all the men and women merely players:
    <break time="1s" />
    They have their exits and their entrances;
    And one man in his time plays many parts,
    His acts being seven ages.
    </prosody>
  </voice>

  <voice name="en-IE-ConnorNeural">
    <break time="1s" />
    <prosody rate="-10%" pitch="-5%">
    Thou <phoneme alphabet="sapi" ph="s i eh s t">seest</phoneme> we are not all alone unhappy:
    <break time="1s" />
    This wide and universal theatre
    Presents more woeful pageants than the scene
    Wherein we play in.
    </prosody>
  </voice>

</speak>
